Date,my_score
2014-12-31,0.33806335673871885
2015-01-01,0.0
2015-01-02,0.0
2015-01-05,0.33370862840532506
2015-01-06,0.7195410044244775
2015-01-07,0.07479159747904343
2015-01-08,0.996246649358957
2015-01-09,0.0
2015-01-12,0.0
2015-01-13,0.49009155820374817
2015-01-14,0.264523829407132
2015-01-15,0.017924052108845255
2015-01-16,0.0
2015-01-19,0.0
2015-01-20,0.0
2015-01-21,0.0
2015-01-22,0.5110133996751572
2015-01-23,0.0
2015-01-26,0.231756883565436
2015-01-27,0.6523421082309716
2015-01-28,0.9829777639450111
2015-01-29,0.7806553061978215
2015-01-30,0.0
2015-02-02,0.17821465733691763
2015-02-03,0.0
2015-02-04,0.5788758832091947
2015-02-05,0.0
2015-02-06,0.0
2015-02-09,0.19131203830999743
2015-02-10,0.6873096551431668
2015-02-11,0.8645597209795348
2015-02-12,0.0
2015-02-13,0.5045880563486951
2015-02-16,0.0
2015-02-17,0.5425898265469293
2015-02-18,0.0
2015-02-19,0.6519649917402943
2015-02-20,0.0
2015-02-23,0.23032406684470344
2015-02-24,0.0
2015-02-25,0.30694820208776175
2015-02-26,0.5023531124887082
2015-02-27,0.05579947026376872
2015-03-02,0.20943864869939155
2015-03-03,0.5660554005831756
2015-03-04,0.360174895412491
2015-03-05,0.2417715452723022
2015-03-06,0.4352769478152657
2015-03-09,0.1795866080002597
2015-03-10,0.932629662991742
2015-03-11,0.3076376370871921
2015-03-12,0.0
2015-03-13,0.0
2015-03-16,0.17167197644248766
2015-03-17,0.0
2015-03-18,0.0
2015-03-19,0.0
2015-03-20,0.5648820724853417
2015-03-23,0.003515145573924514
2015-03-24,0.47878215511226146
2015-03-25,0.0
2015-03-26,0.6680336080594237
2015-03-27,0.5487317469030427
2015-03-30,0.3125343739264779
2015-03-31,0.0
2015-04-01,0.9907912102316005
2015-04-02,0.0
2015-04-03,0.0
2015-04-06,0.0
2015-04-07,0.7548982464600245
2015-04-08,0.05158392240668162
2015-04-09,0.0015424973343469556
2015-04-10,0.01985811565760621
2015-04-13,0.0
2015-04-14,0.5744736654146473
2015-04-15,0.0
2015-04-16,0.0
2015-04-17,0.6051447913899285
2015-04-20,0.0
2015-04-21,0.0
2015-04-22,0.0
2015-04-23,0.06340444344908551
2015-04-24,0.0
2015-04-27,0.21089931533574036
2015-04-28,0.812819919929306
2015-04-29,0.4931128516720696
2015-04-30,0.0
2015-05-01,0.0
2015-05-04,0.19780217708847359
2015-05-05,0.0
2015-05-06,0.5443650956039725
2015-05-07,0.520955381623713
2015-05-08,0.0
2015-05-11,0.001252413411491332
2015-05-12,0.0
2015-05-13,0.5657378895370219
2015-05-14,0.9808039953415806
2015-05-15,0.0
2015-05-18,0.17621994689522655
2015-05-19,0.3910884549534481
2015-05-20,0.9546399833668828
2015-05-21,0.5199679469412476
2015-05-22,0.59521803378323
2015-05-25,0.16408115130608927
2015-05-26,0.0
2015-05-27,0.6052796060969351
2015-05-28,0.0
2015-05-29,0.0
2015-06-01,0.18666665361574628
2015-06-02,0.0
2015-06-03,0.2964160807936637
2015-06-04,0.9850801880283812
2015-06-05,0.5318449398996072
2015-06-08,0.39518904162351925
2015-06-09,0.0
2015-06-10,0.24227222603505297
2015-06-11,0.696183248039276
2015-06-12,0.0
2015-06-15,0.0
2015-06-16,0.758606797914576
2015-06-17,0.0
2015-06-18,0.5741505702407126
2015-06-19,0.0
2015-06-22,0.18827288039909795
2015-06-23,0.7127062012857381
2015-06-24,0.7890580656947661
2015-06-25,0.0
2015-06-26,0.0
2015-06-29,0.0
2015-06-30,0.021827413448412145
2015-07-01,0.5892509827185878
2015-07-02,0.0
2015-07-03,0.0
2015-07-06,0.0
2015-07-07,0.0
2015-07-08,0.612737403670044
2015-07-09,0.008204368106142243
2015-07-10,0.0
2015-07-13,0.14948838127327843
2015-07-14,0.6358063059722354
2015-07-15,0.0
2015-07-16,0.0
2015-07-17,0.0
2015-07-20,0.3178908917342799
2015-07-21,0.607380191749672
2015-07-22,0.09373504804959636
2015-07-23,0.0
2015-07-24,0.0
2015-07-27,0.24006730853286587
2015-07-28,0.0
2015-07-29,0.0
2015-07-30,0.6187436368400496
2015-07-31,0.0
2015-08-03,0.1927717928055379
2015-08-04,0.006050300635265604
2015-08-05,0.044596863714167975
2015-08-06,0.0
2015-08-07,0.4861683598121463
2015-08-10,0.319760486522492
2015-08-11,0.027138278891867863
2015-08-12,0.0
2015-08-13,0.5672206742029298
2015-08-14,0.5814350349329401
2015-08-17,0.0
2015-08-18,0.0
2015-08-19,0.0
2015-08-20,0.5943098426166429
2015-08-21,0.35309947279856463
2015-08-24,0.017503422497952736
2015-08-25,0.7620622791690731
2015-08-26,0.9826488327855694
2015-08-27,0.48666832642878394
2015-08-28,0.4831589785081262
2015-08-31,0.320061924651941
2015-09-01,0.7366576332506463
2015-09-02,0.6430754339150763
2015-09-03,0.0
2015-09-04,0.9209919575482183
2015-09-07,0.0
2015-09-08,0.0
2015-09-09,0.6754962407124212
2015-09-10,0.5511892741127673
2015-09-11,0.0
2015-09-14,0.2636564121756588
2015-09-15,0.0
2015-09-16,0.988475119024041
2015-09-17,0.0
2015-09-18,0.6931927811458721
2015-09-21,0.15979663388017173
2015-09-22,0.598364797984613
2015-09-23,0.0
2015-09-24,0.0
2015-09-25,0.6765864542568186
2015-09-28,0.26733055811254386
2015-09-29,0.0
2015-09-30,0.9085869012954427
2015-10-01,0.5263224840989876
2015-10-02,0.5611553585580228
2015-10-05,0.0
2015-10-06,0.0
2015-10-07,0.0
2015-10-08,0.0
2015-10-09,0.5346850803177287
2015-10-12,0.0
2015-10-13,0.6555054855956508
2015-10-14,0.0
2015-10-15,0.0
2015-10-16,0.9533646493331093
2015-10-19,0.0
2015-10-20,0.5040319003169537
2015-10-21,0.41696164657643753
2015-10-22,0.0
2015-10-23,0.5165499062600137
2015-10-26,0.0
2015-10-27,0.5677590250703412
2015-10-28,0.993096890169063
2015-10-29,0.0
2015-10-30,0.0
2015-11-02,0.0
2015-11-03,0.9933568059301116
2015-11-04,0.0
2015-11-05,0.576279254898885
2015-11-06,0.0
2015-11-09,0.1761054283001436
2015-11-10,0.10782365545851519
2015-11-11,0.5416718218735043
2015-11-12,0.0
2015-11-13,0.0
2015-11-16,0.0
2015-11-17,0.0
2015-11-18,0.9037946797459073
2015-11-19,0.577055244349682
2015-11-20,0.4615690645677689
2015-11-23,0.17569859514861966
2015-11-24,0.0
2015-11-25,0.55439755755832
2015-11-26,0.0
2015-11-27,0.0
2015-11-30,0.292819080499797
2015-12-01,0.5846118818789616
2015-12-02,0.0
2015-12-03,0.6199636247331343
2015-12-04,0.45902910395814367
2015-12-07,0.0
2015-12-08,0.35041323898409754
2015-12-09,0.0
2015-12-10,0.0
2015-12-11,0.0
2015-12-14,0.0013495030741560992
2015-12-15,0.03694348187853438
2015-12-16,0.0
2015-12-17,0.5383093508664987
2015-12-18,0.0
2015-12-21,0.32389006995005054
2015-12-22,0.0
2015-12-23,0.0
2015-12-24,0.0
2015-12-25,0.0
2015-12-28,0.0
2015-12-29,0.0
2015-12-30,0.5599570771394451
2015-12-31,0.0
2016-01-01,0.015301545587176139
2016-01-04,0.3531520414515527
2016-01-05,0.0033452034529993105
2016-01-06,0.5903628661618918
2016-01-07,0.5846183550932845
2016-01-08,0.47009496721916133
2016-01-11,0.4843863631461695
2016-01-12,0.0
2016-01-13,0.0
2016-01-14,0.0
2016-01-15,0.1726863214037669
2016-01-18,0.0
2016-01-19,0.0
2016-01-20,0.0
2016-01-21,0.0
2016-01-22,0.5374436398774033
2016-01-25,0.001355635343383438
2016-01-26,0.5110269283667842
2016-01-27,0.04907524047795101
2016-01-28,0.0
2016-01-29,0.8028418252835408
2016-02-01,0.19213623441057923
2016-02-02,0.590085021460951
2016-02-03,0.7575106795095601
2016-02-04,0.0
2016-02-05,0.0
2016-02-08,0.2505746415432089
2016-02-09,0.0
2016-02-10,0.0
2016-02-11,0.0
2016-02-12,0.590491411782255
2016-02-15,0.0
2016-02-16,0.49998159623550026
2016-02-17,0.48855098490027715
2016-02-18,0.6737551463296156
2016-02-19,0.44478614871942884
2016-02-22,0.18055729653698016
2016-02-23,0.0
2016-02-24,0.5328419337989135
2016-02-25,0.036324164436198465
2016-02-26,0.5250276871382853
2016-02-29,0.0
2016-03-01,0.07545791478994394
2016-03-02,0.5873815188196764
2016-03-03,0.9766609903556452
2016-03-04,0.0
2016-03-07,0.1534987714409587
2016-03-08,0.5416340929061448
2016-03-09,0.0
2016-03-10,0.6686488558941304
2016-03-11,0.0
2016-03-14,0.0
2016-03-15,0.6887397837076669
2016-03-16,0.3265859486949329
2016-03-17,0.0
2016-03-18,0.6041425528346256
2016-03-21,0.23082972378956576
2016-03-22,0.46114641150801816
2016-03-23,0.2587622436662142
2016-03-24,0.9752564282010704
2016-03-25,0.0
2016-03-28,0.0
2016-03-29,0.0
2016-03-30,0.46881508227581337
2016-03-31,0.519808826080624
2016-04-01,0.0
2016-04-04,0.5626501660260445
2016-04-05,0.0
2016-04-06,0.0
2016-04-07,0.0
2016-04-08,0.0
2016-04-11,0.0
2016-04-12,0.0
2016-04-13,0.014363214818349578
2016-04-14,0.0
2016-04-15,0.3421656879834082
2016-04-18,0.29918003012611266
2016-04-19,0.5903403734972343
2016-04-20,0.31197819882887123
2016-04-21,0.0
2016-04-22,0.19413228160160867
2016-04-25,0.27971687195722783
2016-04-26,0.39540953868811907
2016-04-27,0.0
2016-04-28,0.23376763190726796
2016-04-29,0.0
2016-05-02,0.19626141877985434
2016-05-03,0.4086674047537876
2016-05-04,0.5372927882757107
2016-05-05,0.4805904650783962
2016-05-06,0.0
2016-05-09,0.0
2016-05-10,0.0
2016-05-11,0.0
2016-05-12,0.01996620017845749
2016-05-13,0.4209265892310297
2016-05-16,0.17190512419077394
2016-05-17,0.0
2016-05-18,0.0
2016-05-19,0.727562886883668
2016-05-20,0.0
2016-05-23,0.4250672604051123
2016-05-24,0.9237458020418291
2016-05-25,0.37808106413203646
2016-05-26,0.5789881791678362
2016-05-27,0.0
2016-05-30,0.0
2016-05-31,0.8172814416923251
2016-06-01,0.0
2016-06-02,0.37091878291955244
2016-06-03,0.0
2016-06-06,0.0
2016-06-07,0.0
2016-06-08,0.5144130082677048
2016-06-09,1.7763423418068355e-07
2016-06-10,0.6067114679551983
2016-06-13,0.17339749013831704
2016-06-14,0.0
2016-06-15,0.9248183683756594
2016-06-16,0.0
2016-06-17,0.5082674041327373
2016-06-20,0.2985278486679049
2016-06-21,0.0
2016-06-22,0.0
2016-06-23,0.0
2016-06-24,0.0
2016-06-27,0.0
2016-06-28,0.0
2016-06-29,0.0
2016-06-30,0.35048230758732646
2016-07-01,0.37394265498730334
2016-07-04,0.1557574134304329
2016-07-05,0.0
2016-07-06,0.3970063129734931
2016-07-07,0.0
2016-07-08,0.0
2016-07-11,0.0
2016-07-12,0.0
2016-07-13,0.0
2016-07-14,0.0
2016-07-15,0.5095728067490559
2016-07-18,0.18898383081045708
2016-07-19,0.5354621736533546
2016-07-20,0.0
2016-07-21,0.0
2016-07-22,0.7673426726522434
2016-07-25,0.3361938477425415
2016-07-26,0.6320619838814505
2016-07-27,0.35772238432991443
2016-07-28,0.274216399421797
2016-07-29,0.12979436559631174
2016-08-01,0.0
2016-08-02,0.5376476829067596
2016-08-03,0.7140661092136783
2016-08-04,0.639589851346991
2016-08-05,0.6601541734881068
2016-08-08,0.1842163738234973
2016-08-09,0.0
2016-08-10,0.5263879955104205
2016-08-11,0.0
2016-08-12,0.0
2016-08-15,0.23066620810606464
2016-08-16,0.3183175864697751
2016-08-17,0.0004662732312686168
2016-08-18,0.9146737464083051
2016-08-19,0.755571274903185
2016-08-22,0.17340473735818873
2016-08-23,0.0
2016-08-24,0.0
2016-08-25,0.30332933931405737
2016-08-26,0.039886628837449256
2016-08-29,0.15946899719446894
2016-08-30,0.37707263978011146
2016-08-31,0.4467381412167999
2016-09-01,0.2999191613799591
2016-09-02,0.06604717234157233
2016-09-05,0.0
2016-09-06,0.0
2016-09-07,0.5111989275175979
2016-09-08,0.29216513603314764
2016-09-09,0.3631571859788904
2016-09-12,0.3440759358429228
2016-09-13,0.41044410456148117
2016-09-14,0.5246024991858794
2016-09-15,0.8183573507422236
2016-09-16,0.6077862797022195
2016-09-19,0.03210324868805732
2016-09-20,0.6416452522067653
2016-09-21,0.41359818159447775
2016-09-22,0.5392440761555424
2016-09-23,0.4357748913579111
2016-09-26,0.2911096625526345
2016-09-27,0.0
2016-09-28,0.9791255748646975
2016-09-29,0.32077519308137475
2016-09-30,0.6606056618252251
2016-10-03,0.2963817486015541
2016-10-04,0.5351852900829934
2016-10-05,0.5720678950330198
2016-10-06,0.019236218778930458
2016-10-07,0.3000152945324872
2016-10-10,0.01834901600028378
2016-10-11,0.6655985495054892
2016-10-12,0.6122634050495606
2016-10-13,0.9041830481256499
2016-10-14,0.5623532212337083
2016-10-17,0.329886481630604
2016-10-18,0.6677795653694746
2016-10-19,0.5394153071795216
2016-10-20,0.0
2016-10-21,0.5706332457531036
2016-10-24,0.24419480755659131
2016-10-25,0.6387278563098523
2016-10-26,0.24657860848641064
2016-10-27,0.5420161157004018
2016-10-28,0.9715520995872133
2016-10-31,0.2196936354546195
2016-11-01,0.4569150699528203
2016-11-02,0.2192621198797895
2016-11-03,0.49293438180894655
2016-11-04,0.12703733566476513
2016-11-07,0.0008770901809515226
2016-11-08,0.14851382060055499
2016-11-09,0.48526482042899133
2016-11-10,0.15450781662348623
2016-11-11,0.9630073702177235
2016-11-14,0.09166993136902678
2016-11-15,0.0
2016-11-16,0.0
2016-11-17,0.033908841101481485
2016-11-18,0.6586525844565836
2016-11-21,0.14046953649943164
2016-11-22,0.5840619837401871
2016-11-23,0.0
2016-11-24,0.0
2016-11-25,0.0
2016-11-28,0.17849947443146286
2016-11-29,0.0
2016-11-30,0.07606183838991126
2016-12-01,0.5749219163382061
2016-12-02,0.0
2016-12-05,0.2034622476716639
2016-12-06,0.4203148532293184
2016-12-07,0.4947996939609591
2016-12-08,0.0
2016-12-09,0.7693223842238779
2016-12-12,0.42045569459792015
2016-12-13,0.45939837035472453
2016-12-14,0.0
2016-12-15,0.7263919419143763
2016-12-16,0.5678888448780837
2016-12-19,0.12294058268948398
2016-12-20,0.6873299296639643
2016-12-21,0.0
2016-12-22,0.0
2016-12-23,0.4183829585513171
2016-12-26,0.0
2016-12-27,0.34085178271040933
2016-12-28,0.0
2016-12-29,0.29488972264886454
2016-12-30,0.03416759748007952
2017-01-02,0.08018021801936903
2017-01-03,0.8151742535226072
2017-01-04,0.441547021238915
2017-01-05,0.7332520898125496
2017-01-06,0.271327966474678
2017-01-09,0.20153974659813864
2017-01-10,0.8034301505865421
2017-01-11,0.5207366403901763
2017-01-12,0.36845310768957446
2017-01-13,0.2548681334819975
2017-01-16,0.0
2017-01-17,0.4943333285126248
2017-01-18,0.0
2017-01-19,0.5124714637729519
2017-01-20,0.3650631850186167
2017-01-23,0.21967255489610837
2017-01-24,0.530133833311339
2017-01-25,0.47193022714761185
2017-01-26,0.0
2017-01-27,0.8653942190462275
2017-01-30,0.45077985873694576
2017-01-31,0.786730165707494
2017-02-01,0.8534932025484344
2017-02-02,0.46949275979116506
2017-02-03,0.5676455935986315
2017-02-06,0.15435280922111005
2017-02-07,0.9267433062010176
2017-02-08,0.6036797066991735
2017-02-09,0.0
2017-02-10,0.5811280415491195
2017-02-13,0.22312714265866027
2017-02-14,0.5335123884287261
2017-02-15,0.0
2017-02-16,0.5009013258335845
2017-02-17,0.5498912585515542
2017-02-20,0.0
2017-02-21,0.6864974795431952
2017-02-22,0.581501655564506
2017-02-23,0.0
2017-02-24,0.0
2017-02-27,0.4334654207044954
2017-02-28,0.7674976703168183
2017-03-01,0.48517771408751714
2017-03-02,0.040234180259652114
2017-03-03,0.759789136242176
2017-03-06,0.2498973184942865
2017-03-07,0.0
2017-03-08,0.11678440749991482
2017-03-09,0.0
2017-03-10,0.0
2017-03-13,0.0
2017-03-14,0.5092470400786365
2017-03-15,0.6706491152378109
2017-03-16,0.19165737176269662
2017-03-17,0.6202925530156964
2017-03-20,0.24214317799819232
2017-03-21,0.5430343131302895
2017-03-22,0.0
2017-03-23,0.581184929331088
2017-03-24,0.5897600723561048
2017-03-27,0.18369957670316087
2017-03-28,0.0
2017-03-29,0.6928077516725117
2017-03-30,0.15237166787522055
2017-03-31,0.5170309129328782
2017-04-03,0.3024434006101226
2017-04-04,0.5131704284489012
2017-04-05,0.0
2017-04-06,0.5220767886890123
2017-04-07,0.4561135216896753
2017-04-10,0.17494205193885015
2017-04-11,0.39238299615084227
2017-04-12,0.5046586145565554
2017-04-13,0.5142998276947615
2017-04-14,0.70531053672597
2017-04-17,0.2728701852922152
2017-04-18,0.0
2017-04-19,0.0
2017-04-20,0.8702207546548135
2017-04-21,0.5967713454646498
2017-04-24,0.37098202084642473
2017-04-25,0.5439157944973358
2017-04-26,0.0
2017-04-27,0.557409553030462
2017-04-28,0.5322302913219404
2017-05-01,0.14435136658389078
2017-05-02,0.39260670747709564
2017-05-03,0.5626426602909407
2017-05-04,0.0
2017-05-05,0.6755871914933946
2017-05-08,0.44098315884720907
2017-05-09,0.0
2017-05-10,0.2840874728544617
2017-05-11,0.5983535000863982
2017-05-12,0.7477785142957847
2017-05-15,0.1589134681916978
2017-05-16,0.0
2017-05-17,0.6449408889869769
2017-05-18,0.5871601775670345
2017-05-19,0.5423376408042565
2017-05-22,0.0
2017-05-23,0.8932912670157103
2017-05-24,0.0
2017-05-25,0.09086689137555606
2017-05-26,0.5504387604763437
2017-05-29,0.18109458688198313
2017-05-30,0.6278952120739908
2017-05-31,0.7384922549738855
2017-06-01,0.5745033340455543
2017-06-02,0.5856040394299371
2017-06-05,0.14048688560512648
2017-06-06,0.5197338991132524
2017-06-07,0.5627802951767968
2017-06-08,0.8780556441814329
2017-06-09,0.3559034774652101
2017-06-12,0.07010203088946958
2017-06-13,0.4574396372675907
2017-06-14,0.6444005089343836
2017-06-15,0.37747486941875463
2017-06-16,0.5432799155918442
2017-06-19,0.21811177436612036
2017-06-20,0.04082662767333413
2017-06-21,0.573302733600541
2017-06-22,0.714640028389873
2017-06-23,0.02977480643514734
2017-06-26,0.1979548503913091
2017-06-27,0.5487978414056494
2017-06-28,0.47403034964018004
2017-06-29,0.0
2017-06-30,0.0
2017-07-03,0.18192664935921832
2017-07-04,0.2741372128681334
2017-07-05,0.41526350346886465
2017-07-06,0.529265651867331
2017-07-07,0.5738039371184558
2017-07-10,0.17721654417455357
2017-07-11,0.30680077147941387
2017-07-12,0.3791725670179943
2017-07-13,0.6300387690660155
2017-07-14,0.5180635681600725
2017-07-17,0.13720828055674733
2017-07-18,0.0
2017-07-19,0.3475088838077363
2017-07-20,0.535123725044132
2017-07-21,0.3789804388659239
2017-07-24,0.43866666851184494
2017-07-25,0.31937572112051904
2017-07-26,0.47515887479850216
2017-07-27,0.0
2017-07-28,0.5682818349647907
2017-07-31,0.02250045782774167
2017-08-01,0.6218670585714702
2017-08-02,0.7278511026786476
2017-08-03,0.5569437303882702
2017-08-04,0.01586139816501434
2017-08-07,0.3694020268745349
2017-08-08,0.5406147160733406
2017-08-09,0.7631170218742377
2017-08-10,0.5717699752008274
2017-08-11,0.7412444390110919
2017-08-14,0.24420995583985636
2017-08-15,0.5280456242349506
2017-08-16,0.656531200298673
2017-08-17,0.5470272398589799
2017-08-18,0.5378941580697196
2017-08-21,0.26091562572490185
2017-08-22,0.7620001661631217
2017-08-23,0.5116984282497491
2017-08-24,0.746414905044384
2017-08-25,0.5433929386425564
2017-08-28,0.1662520813012057
2017-08-29,0.40419270510408783
2017-08-30,0.6927843776801693
2017-08-31,0.39517440576916424
2017-09-01,0.5065107645052396
2017-09-04,0.0
2017-09-05,0.5990966168383778
2017-09-06,0.5493712363184976
2017-09-07,0.3421379869157952
2017-09-08,0.3144475025449507
2017-09-11,0.19593148656223225
2017-09-12,0.6658548261185465
2017-09-13,0.4934645722680868
2017-09-14,0.28324617564914906
2017-09-15,0.35200977372304626
2017-09-18,0.19583814182518836
2017-09-19,0.7428414189515068
2017-09-20,0.3813135019888879
2017-09-21,0.56811228873736
2017-09-22,0.6718647700011011
2017-09-25,0.29791586941585857
2017-09-26,0.626679306272449
2017-09-27,0.433364035660183
2017-09-28,0.4836992014700202
2017-09-29,0.5737329290363795
2017-10-02,0.22263319080960978
2017-10-03,0.5291229474838528
2017-10-04,0.5059278047133284
2017-10-05,0.5553531481920386
2017-10-06,0.41429692451532213
2017-10-09,0.24775171068817667
2017-10-10,0.7779377648203329
2017-10-11,0.5155861022049805
2017-10-12,0.2571429862691663
2017-10-13,0.5084125940834635
2017-10-16,0.24846905326722224
2017-10-17,0.545684302469029
2017-10-18,0.0
2017-10-19,0.2867498897504704
2017-10-20,0.4263383551424404
2017-10-23,0.13860364637796266
2017-10-24,0.6747050156868599
2017-10-25,0.5315896570479176
2017-10-26,0.0
2017-10-27,0.5517693855454864
2017-10-30,0.3262228851034347
2017-10-31,0.23912320829547407
2017-11-01,0.4988311620311223
2017-11-02,0.6217074345632977
2017-11-03,0.8639049120236636
2017-11-06,0.3533153812080587
2017-11-07,0.2624186466055205
2017-11-08,0.5501138319629807
2017-11-09,0.4056039017525956
2017-11-10,0.5655326617912396
2017-11-13,0.21253549247641826
2017-11-14,0.2557863896600771
2017-11-15,0.6369597550940536
2017-11-16,0.361340550689545
2017-11-17,0.5868666080430942
2017-11-20,0.09175977049904942
2017-11-21,0.6113886153435304
2017-11-22,0.4627511560765411
2017-11-23,0.0
2017-11-24,0.0
2017-11-27,0.0031725674569537763
2017-11-28,0.5621299442465214
2017-11-29,0.4224804863312803
2017-11-30,0.45164481209545804
2017-12-01,0.0
2017-12-04,0.17516180145327842
2017-12-05,0.2063566265272415
2017-12-06,0.26345307161054116
2017-12-07,0.44623804665748346
2017-12-08,0.34826364002199145
2017-12-11,0.24870502509122214
2017-12-12,0.5331059581623857
2017-12-13,0.5346806156099262
2017-12-14,0.0
2017-12-15,0.09451108256278823
2017-12-18,0.3175646779880638
2017-12-19,0.11595512720347183
2017-12-20,0.663004449309732
2017-12-21,0.7380954889566423
2017-12-22,0.21068276091858903
2017-12-25,0.0
2017-12-26,0.2002851806792297
2017-12-27,0.3393892720945369
2017-12-28,0.503079428701869
2017-12-29,0.699694348188795
2018-01-01,0.12746013954274588
2018-01-02,0.3510425945826913
2018-01-03,0.0
2018-01-04,0.4176939833905671
2018-01-05,0.2985783853983167
2018-01-08,0.09761098469813607
2018-01-09,0.735095878346262
2018-01-10,0.32108071643206276
2018-01-11,0.0
2018-01-12,0.7491750975034442
2018-01-15,0.0
2018-01-16,0.9921899821953599
2018-01-17,0.522660989880594
2018-01-18,0.3420364590518498
2018-01-19,0.28642722351927363
2018-01-22,0.09236154037110489
2018-01-23,0.3714325945189268
2018-01-24,0.3576100038171683
2018-01-25,0.7305764946114053
2018-01-26,0.4691047899028265
2018-01-29,0.4644443593727339
2018-01-30,0.10381439670652925
2018-01-31,0.47530288842805996
2018-02-01,0.5525082723255975
2018-02-02,0.3477626527756749
2018-02-05,0.383875654197728
2018-02-06,0.7719796241751729
2018-02-07,0.6519272339431148
2018-02-08,0.14407403578081213
2018-02-09,0.0
2018-02-12,0.18726069530888548
2018-02-13,0.22896896909420808
2018-02-14,0.7584638507922078
2018-02-15,0.6482003663468399
2018-02-16,0.7343439481082046
2018-02-19,0.0
2018-02-20,0.0
2018-02-21,0.5615590336106842
2018-02-22,0.38320236981254424
2018-02-23,0.0
2018-02-26,0.356192397071331
2018-02-27,0.5396335597619935
2018-02-28,0.5255496504281139
2018-03-01,0.9777423277720928
2018-03-02,0.02452933549720187
2018-03-05,0.16721727562134833
2018-03-06,0.9541955712816257
2018-03-07,0.549024951769426
2018-03-08,0.5742728106826709
2018-03-09,0.0
2018-03-12,0.2546311697157476
2018-03-13,0.2720922851313662
2018-03-14,0.20393126370244058
2018-03-15,0.09130544744176315
2018-03-16,0.5574305239914867
2018-03-19,0.3123039206112522
2018-03-20,0.5559491951835416
2018-03-21,0.5270068610472892
2018-03-22,0.5382417634987973
2018-03-23,0.7036985707190654
2018-03-26,0.3543270795142721
2018-03-27,0.5358264175326278
2018-03-28,0.2406851473724551
2018-03-29,0.5131552061470129
2018-03-30,0.0
2018-04-02,0.051563477923328625
2018-04-03,0.6746802104469514
2018-04-04,0.279165134385271
2018-04-05,0.46958758404196743
2018-04-06,0.021528144119980337
2018-04-09,0.22295223927761978
2018-04-10,0.692953866239242
2018-04-11,0.6491001836755662
2018-04-12,0.011121614963259899
2018-04-13,0.6818880408745738
2018-04-16,0.1122856142544062
2018-04-17,0.5106901081934249
2018-04-18,0.0
2018-04-19,0.0168411575682756
2018-04-20,0.2854406282056411
2018-04-23,0.05987057313808387
2018-04-24,0.22199535107824342
2018-04-25,0.4597130510570544
2018-04-26,0.013155850777255134
2018-04-27,0.5446457724969144
2018-04-30,0.20459475189001156
2018-05-01,0.6788480845046494
2018-05-02,0.4681722468533145
2018-05-03,0.0
2018-05-04,0.7862512598192405
2018-05-07,0.3999155278444983
2018-05-08,0.5355196958134127
2018-05-09,0.5397404544316249
2018-05-10,0.3876682764804713
2018-05-11,0.0
2018-05-14,0.26156870076804495
2018-05-15,0.5136195283981432
2018-05-16,0.5202769621436949
2018-05-17,0.0
2018-05-18,0.6697075960757084
2018-05-21,0.002304088508731265
2018-05-22,0.7586923217369278
2018-05-23,0.7456214483710648
2018-05-24,0.40295923513354254
2018-05-25,0.4886123146365464
2018-05-28,0.0
2018-05-29,0.02044018930523863
2018-05-30,0.4759766474722126
2018-05-31,0.3297203734892509
2018-06-01,0.7679116827560798
2018-06-04,0.13508407700459077
2018-06-05,0.5005225387180414
2018-06-06,0.2801353837401778
2018-06-07,0.0
2018-06-08,0.008576301370047175
2018-06-11,0.10473201666270086
2018-06-12,0.2829647107527506
2018-06-13,0.4927382047261647
2018-06-14,0.5615525739176951
2018-06-15,0.6790331485156496
2018-06-18,0.15350619433064996
2018-06-19,0.3831907528248005
2018-06-20,0.635836679490934
2018-06-21,0.5298479551248212
2018-06-22,0.0
2018-06-25,0.24166944241167596
2018-06-26,0.6249286552576353
2018-06-27,0.4821220961249182
2018-06-28,0.52441327380787
2018-06-29,0.5249384614519685
2018-07-02,0.17781422043011239
2018-07-03,0.0
2018-07-04,0.0
2018-07-05,0.0
2018-07-06,0.7364811461590485
2018-07-09,0.17125514968274944
2018-07-10,0.5013857130229704
2018-07-11,0.02785900427150293
2018-07-12,0.5657073763588988
2018-07-13,0.6952241454505129
2018-07-16,0.16589048948640361
2018-07-17,0.0
2018-07-18,0.0
2018-07-19,0.028369945608170456
2018-07-20,0.5979881776301179
2018-07-23,0.0
2018-07-24,0.02503685392260494
2018-07-25,0.019741769104893864
2018-07-26,0.9962122958081964
2018-07-27,0.5144642911037459
2018-07-30,0.18404945179839546
2018-07-31,0.5677570498658807
2018-08-01,0.9687600141463009
2018-08-02,0.6784209685678377
2018-08-03,0.0
2018-08-06,0.0804833052982138
2018-08-07,0.3586331368608073
2018-08-08,0.4978830624778578
2018-08-09,0.600062316809328
2018-08-10,0.2572016825360675
2018-08-13,0.16651531549339074
2018-08-14,0.59303540410316
2018-08-15,0.0431567738409648
2018-08-16,0.0
2018-08-17,0.6007409898470464
2018-08-20,0.009929276253701918
2018-08-21,0.8814850597304857
2018-08-22,0.429711748855494
2018-08-23,0.5949828058854052
2018-08-24,0.0
2018-08-27,0.20246851231790494
2018-08-28,0.5432952764285583
2018-08-29,0.053866915455246966
2018-08-30,0.5422264809166235
2018-08-31,0.4952737547133227
2018-09-03,0.0
2018-09-04,0.6464290906165293
2018-09-05,0.5132747342146438
2018-09-06,0.6876868042158124
2018-09-07,0.4257596379728216
2018-09-10,0.18740472379796191
2018-09-11,0.7325307579082494
2018-09-12,0.4930916978199671
2018-09-13,0.34349176800134906
2018-09-14,0.760686287671256
2018-09-17,0.2401083695660272
2018-09-18,0.6458690869414913
2018-09-19,0.5873625589282101
2018-09-20,0.7877444989781811
2018-09-21,0.5403797310103016
2018-09-24,0.1765877337969375
2018-09-25,0.24063456958112636
2018-09-26,0.2650006146515883
2018-09-27,0.08859817465858277
2018-09-28,0.2995029690942067
2018-10-01,0.32799616853822644
2018-10-02,0.0
2018-10-03,0.5044327892948646
2018-10-04,0.41871711122095173
2018-10-05,0.12489874146428544
2018-10-08,0.18196386467862632
2018-10-09,0.568441775744798
2018-10-10,0.32216717154258234
2018-10-11,0.6345031311634765
2018-10-12,0.02883856543161112
2018-10-15,0.17110353681950308
2018-10-16,0.01924332430522055
2018-10-17,0.5897253400074882
2018-10-18,0.7348581067900173
2018-10-19,0.41335722435183936
2018-10-22,0.19581124641896994
2018-10-23,0.7481656696523502
2018-10-24,0.63278313394517
2018-10-25,0.0
2018-10-26,0.0
2018-10-29,0.2984474327259788
2018-10-30,0.5421080050894753
2018-10-31,0.779115865260287
2018-11-01,0.4744455240361388
2018-11-02,0.17287578562816105
2018-11-05,0.0025651080064058966
2018-11-06,0.3813225606809976
2018-11-07,0.09635502527108983
2018-11-08,0.5450026540404516
2018-11-09,0.26103035731077784
2018-11-12,0.03213928373712593
2018-11-13,0.5045270364436334
2018-11-14,0.17726905482354774
2018-11-15,0.4090040182277116
2018-11-16,0.0
2018-11-19,0.10163639471384604
2018-11-20,0.32729637411355506
2018-11-21,0.7157831591386493
2018-11-22,0.0
2018-11-23,0.7529875457360828
2018-11-26,0.18462088355480613
2018-11-27,0.2858171893748783
2018-11-28,0.0
2018-11-29,0.5086875655750754
2018-11-30,0.5925642692854811
2018-12-03,0.21263830236651324
2018-12-04,0.2771156239799227
2018-12-05,0.575450539464661
2018-12-06,0.32744234290095353
2018-12-07,0.42236621039081496
2018-12-10,0.10793765891199408
2018-12-11,0.5086007771026358
2018-12-12,0.27254929930894267
2018-12-13,0.20361775673644641
2018-12-14,0.38766714140329395
2018-12-17,0.2035265615398565
2018-12-18,0.015537985331272713
2018-12-19,0.0
2018-12-20,0.2280592645843745
2018-12-21,0.0
2018-12-24,0.14170216009201927
2018-12-25,0.0
2018-12-26,0.6551857093468624
2018-12-27,0.006168338113151658
2018-12-28,0.6400084753456783
2018-12-31,0.14137936672890072
2019-01-01,0.5327138334148878
2019-01-02,0.4888473870782628
2019-01-03,0.5325209156064628
2019-01-04,0.49772815174735163
2019-01-07,0.1969123950652791
2019-01-08,0.027018147725673895
2019-01-09,0.18140769054869735
2019-01-10,0.13853741940377143
2019-01-11,0.5930007825579945
2019-01-14,0.1684106026872277
2019-01-15,0.4795365172158155
2019-01-16,0.34917704149637707
2019-01-17,0.5463712631864254
2019-01-18,0.3575645746463665
2019-01-21,0.18402417443640265
2019-01-22,0.5101095125034206
2019-01-23,0.27246774508342614
2019-01-24,0.27726350553477797
2019-01-25,0.6350199307422373
2019-01-28,0.18550803933395912
2019-01-29,0.6421943054321756
2019-01-30,0.5988068837413911
2019-01-31,0.07537094766328545
2019-02-01,0.3488822939774475
2019-02-04,0.15949128289815664
2019-02-05,0.41815283966897776
2019-02-06,0.9492851669456346
2019-02-07,0.5113031647874541
2019-02-08,0.2702394926708691
2019-02-11,0.21056055366245327
2019-02-12,0.4760468860020913
2019-02-13,0.4177970192249685
2019-02-14,0.5310012563227247
2019-02-15,0.5273266789846774
2019-02-18,0.18629755042541288
2019-02-19,0.5572442203592508
2019-02-20,0.44996368229112454
2019-02-21,0.3937420057949439
2019-02-22,0.5789908024635121
2019-02-25,0.17683562665125843
2019-02-26,0.5182396459153024
2019-02-27,0.05991937484860474
2019-02-28,0.5280035624987146
2019-03-01,0.45160550743502675
2019-03-04,0.18533079331456714
2019-03-05,0.6444399326627562
2019-03-06,0.4376333756722508
2019-03-07,0.5695434270865749
2019-03-08,0.3976743005221881
2019-03-11,0.24837297282261428
2019-03-12,0.0
2019-03-13,0.47317319399214697
2019-03-14,0.6610121922767157
2019-03-15,0.4969208578327169
2019-03-18,0.3631778256018537
2019-03-19,0.5076489186970381
2019-03-20,0.5343675714684647
2019-03-21,0.7014183565748461
2019-03-22,0.7240013729249535
2019-03-25,0.22471323203213037
2019-03-26,0.3037237461593189
2019-03-27,0.0
2019-03-28,0.5705772892431923
2019-03-29,0.020478235932405053
2019-04-01,0.0965547725875215
2019-04-02,0.5343505211450165
2019-04-03,0.521134593852522
2019-04-04,0.3787283906380925
2019-04-05,0.5109472121272923
2019-04-08,0.16447383058519324
2019-04-09,0.6358217752934614
2019-04-10,0.5899125274694226
2019-04-11,0.22673749126380738
2019-04-12,0.04360187437221103
2019-04-15,0.17945599466632367
2019-04-16,0.0
2019-04-17,0.36516804353753063
2019-04-18,0.6265127265698579
2019-04-19,0.0
2019-04-22,0.18391126132607738
2019-04-23,0.458828205942207
2019-04-24,0.7937895086919968
2019-04-25,0.6340429637254257
2019-04-26,0.5177040958208803
2019-04-29,0.2668687935007206
2019-04-30,0.8796728580001836
2019-05-01,0.9688194445143977
2019-05-02,0.6457635048873756
2019-05-03,0.0
2019-05-06,0.13372598284458018
2019-05-07,0.5579049362287862
2019-05-08,0.592615191413136
2019-05-09,0.0014764539617355956
2019-05-10,0.4234551767425528
2019-05-13,0.1925277778191845
2019-05-14,0.7998507028408292
2019-05-15,0.0
2019-05-16,0.32293638633002975
2019-05-17,0.5469126488478991
2019-05-20,0.13216381461106788
2019-05-21,0.3319726539396349
2019-05-22,0.38466579838836773
2019-05-23,0.3324307572253409
2019-05-24,0.5342774536356522
2019-05-27,0.0
2019-05-28,0.12536061921593453
2019-05-29,0.0
2019-05-30,0.5209904538974406
2019-05-31,0.023231589839595508
2019-06-03,0.349198591869657
2019-06-04,0.36101031455139515
2019-06-05,0.5727263993275703
2019-06-06,0.5778644522391911
2019-06-07,0.0
2019-06-10,0.0
2019-06-11,0.3928739616914212
2019-06-12,0.14398354625516438
2019-06-13,0.5232597145277191
2019-06-14,0.0
2019-06-17,0.16795219474869724
2019-06-18,0.1430494272902762
2019-06-19,0.5722716574532903
2019-06-20,0.03690342386796809
2019-06-21,0.890255252476375
2019-06-24,0.16814073940906207
2019-06-25,0.5231846716482561
2019-06-26,0.6123260862305012
2019-06-27,0.5103186905447921
2019-06-28,0.5557343104593213
2019-07-01,0.2129711996472874
2019-07-02,0.015002480360270227
2019-07-03,0.0
2019-07-04,0.4405173592113357
2019-07-05,0.0
2019-07-08,0.011739128453927864
2019-07-09,0.5466695594147152
2019-07-10,0.550696541697395
2019-07-11,0.25577985914790363
2019-07-12,0.07218765951476426
2019-07-15,0.0
2019-07-16,0.47028206293479213
2019-07-17,0.6084188264402015
2019-07-18,0.45946039284358453
2019-07-19,0.9090034715159873
2019-07-22,0.22104042568368598
2019-07-23,0.5734167384081874
2019-07-24,0.8213293740481409
2019-07-25,0.8003300247607342
2019-07-26,0.5814832643362267
2019-07-29,0.17920518277311123
2019-07-30,0.6143786501258928
2019-07-31,0.4769964090353471
2019-08-01,0.0
2019-08-02,0.4548959534353494
2019-08-05,0.30581143531906435
2019-08-06,0.29788907088783173
2019-08-07,0.441984772448382
2019-08-08,0.31543324386997146
2019-08-09,0.0
2019-08-12,0.016631497789068056
2019-08-13,0.6651955719827823
2019-08-14,0.25279353462974546
2019-08-15,0.25921948788953925
2019-08-16,0.4627872800022985
2019-08-19,0.1924322289027702
2019-08-20,0.408318610519628
2019-08-21,0.5269555695021491
2019-08-22,0.6370611828295145
2019-08-23,0.5494088549444505
2019-08-26,0.0895888333640411
2019-08-27,0.0
2019-08-28,0.4067579956964478
2019-08-29,0.38791641949254396
2019-08-30,0.09925450933246696
2019-09-02,0.0
2019-09-03,0.45026741045590934
2019-09-04,0.5409145130214781
2019-09-05,0.7457088829252632
2019-09-06,0.5487437116880859
2019-09-09,0.02712612065847073
2019-09-10,0.48644495943449795
2019-09-11,0.5036255979148317
2019-09-12,0.0
2019-09-13,0.18606454680879098
2019-09-16,0.028413400489882567
2019-09-17,0.22686997109538776
2019-09-18,0.5613512069442416
2019-09-19,0.5096366482103822
2019-09-20,0.5847153351206857
2019-09-23,0.22885536866249198
2019-09-24,0.4891400827369693
2019-09-25,0.5867630186465079
2019-09-26,0.7445959244182322
2019-09-27,0.5576247197150296
2019-09-30,0.3105676691107811
2019-10-01,0.5540029863647771
2019-10-02,0.48634490339519665
2019-10-03,0.9719147670759896
2019-10-04,0.8372234136544474
2019-10-07,0.17113321195244835
2019-10-08,0.0
2019-10-09,0.8213927313044889
2019-10-10,0.36399564163798476
2019-10-11,0.9602224898954395
2019-10-14,0.22372503450292155
2019-10-15,0.0
2019-10-16,0.713013586735932
2019-10-17,0.6468053532354139
2019-10-18,0.5440523001295162
2019-10-21,0.24260751903870847
2019-10-22,0.3809975076597757
2019-10-23,0.6091830992498913
2019-10-24,0.9804537082161727
2019-10-25,0.5679357389820954
2019-10-28,0.20037223599968143
2019-10-29,0.4012718878215284
2019-10-30,0.6286218624231339
2019-10-31,0.5836287039059087
2019-11-01,0.47706756190292393
2019-11-04,0.18133675492911408
2019-11-05,0.0
2019-11-06,0.5455221404939258
2019-11-07,0.43389927705671366
2019-11-08,0.0
2019-11-11,0.18474683984410747
2019-11-12,0.5430256049074902
2019-11-13,0.6940911070740969
2019-11-14,0.6391728856732016
2019-11-15,0.5289518979909719
2019-11-18,0.16939801221007397
2019-11-19,0.6467942966638024
2019-11-20,0.6528209493493339
2019-11-21,0.3206782344736493
2019-11-22,0.3774119681390942
2019-11-25,0.18805627370265254
2019-11-26,0.0
2019-11-27,0.3805921971969977
2019-11-28,0.0
2019-11-29,0.0
2019-12-02,0.21602631873718137
2019-12-03,0.0
2019-12-04,0.42056908091133893
2019-12-05,0.5852176116362047
2019-12-06,0.0
2019-12-09,0.20095752943780676
2019-12-10,0.6212234255702384
2019-12-11,0.7243416794491297
2019-12-12,0.28216312314173975
2019-12-13,0.44965588835019105
2019-12-16,0.2257503568723521
2019-12-17,0.49750721780854434
2019-12-18,0.5608000635176502
2019-12-19,0.5551455940707013
2019-12-20,0.7605591610847977
2019-12-23,0.37412805419835776
2019-12-24,0.0
2019-12-25,0.0
2019-12-26,0.0
2019-12-27,0.5360276000545143
2019-12-30,0.32988839921901353
2019-12-31,0.2976361437471506
2020-01-01,0.4567464207495036
2020-01-02,0.6634712905590692
2020-01-03,0.48968045413277034
2020-01-06,0.13590385432282873
2020-01-07,0.0
2020-01-08,0.8675237233012242
2020-01-09,0.9244074943504303
2020-01-10,0.0
2020-01-13,0.37153704087690015
2020-01-14,0.551839494620145
2020-01-15,0.6511068624228457
2020-01-16,0.5228680436995042
2020-01-17,0.6952821997461059
2020-01-20,0.21021224592896368
2020-01-21,0.3538156545044131
2020-01-22,0.531144824667997
2020-01-23,0.7296436117108837
2020-01-24,0.5585734814562193
2020-01-27,0.1751080680677158
2020-01-28,0.5996630767541496
2020-01-29,0.3772788277411026
2020-01-30,0.7604727412103682
2020-01-31,0.529977390747097
2020-02-03,0.3493936033716207
2020-02-04,0.5042600278407181
2020-02-05,0.5058915430199128
2020-02-06,0.1929423010789189
2020-02-07,0.1415814552586114
2020-02-10,0.13407542066284409
2020-02-11,0.50712198217172
2020-02-12,0.0
2020-02-13,0.584941159780847
2020-02-14,0.5749643110200691
2020-02-17,0.0017927651573334572
2020-02-18,0.40418479235155524
2020-02-19,0.5872662876593112
2020-02-20,0.3769711468528168
2020-02-21,0.0
2020-02-24,0.1946100253700174
2020-02-25,0.3271676280705847
2020-02-26,0.7505725017725215
2020-02-27,0.24372685091490695
2020-02-28,0.4863395175628757
2020-03-02,0.24484825639356347
2020-03-03,0.7404355409092014
2020-03-04,0.4810578107842001
2020-03-05,0.06380253426935205
2020-03-06,0.4859628757625514
2020-03-09,0.005946344488846266
2020-03-10,0.8910656388403533
2020-03-11,0.3219926432267193
2020-03-12,0.3688702912259635
2020-03-13,0.7758546416171136
2020-03-16,0.1396440873173049
2020-03-17,0.12834919837945127
2020-03-18,0.4779843469101957
2020-03-19,0.2523721222024973
2020-03-20,0.3689428818010086
2020-03-23,0.3512383414150628
2020-03-24,0.4248638182599938
2020-03-25,0.10000356256022751
2020-03-26,0.2824326565202837
2020-03-27,0.0
2020-03-30,0.33053481116216105
2020-03-31,0.5532392350025787
2020-04-01,0.2866555256696255
2020-04-02,0.4821282439118594
2020-04-03,0.25581572688753895
2020-04-06,0.21379144337743963
2020-04-07,0.0
2020-04-08,0.6540913473552598
2020-04-09,0.6649935390291534
2020-04-10,0.5335648004661361
2020-04-13,0.18611577089837095
2020-04-14,0.5278421184271034
2020-04-15,0.61936571590366
2020-04-16,0.6041465372081605
2020-04-17,0.3522438082127819
2020-04-20,0.0
2020-04-21,0.5186366655512705
2020-04-22,0.6393813372632615
2020-04-23,0.5958083694104165
2020-04-24,0.0
2020-04-27,0.11334906666875784
2020-04-28,0.7932594736366578
2020-04-29,0.5315053304433409
2020-04-30,0.5533519761034051
2020-05-01,0.8109732927785618
2020-05-04,0.20644319500557531
2020-05-05,0.0
2020-05-06,0.5106642046655256
2020-05-07,0.0
2020-05-08,0.5765390732121778
2020-05-11,0.0002608555591305279
2020-05-12,0.7033228218324046
2020-05-13,0.9961526881720136
2020-05-14,0.5331421180273427
2020-05-15,0.772185605088016
2020-05-18,0.36042859995576365
2020-05-19,0.5763240323780129
2020-05-20,0.0
2020-05-21,0.5023271329588825
2020-05-22,0.0
2020-05-25,0.1902926119687118
2020-05-26,0.6092210203928033
2020-05-27,0.5228464199222073
2020-05-28,0.6576566009173681
2020-05-29,0.0
2020-06-01,0.08305972478519308
2020-06-02,0.00683570851888072
2020-06-03,0.7618345959401218
2020-06-04,0.0
2020-06-05,0.6309100266439729
2020-06-08,0.24817624435535823
2020-06-09,0.397193593319406
2020-06-10,0.5182208943447851
2020-06-11,0.7651631097126753
2020-06-12,0.0
2020-06-15,0.3207453871361361
2020-06-16,0.4381508338210428
2020-06-17,0.5600500335892895
2020-06-18,0.32177202870000005
2020-06-19,0.43297725264157116
2020-06-22,0.1860805333755208
2020-06-23,0.8560604396374842
2020-06-24,0.3395920742124204
2020-06-25,0.054201151188239705
2020-06-26,0.48530840878919584
2020-06-29,0.34951225050386814
2020-06-30,0.025968304790957006
2020-07-01,0.3688534682413817
2020-07-02,0.520669348974918
2020-07-03,0.46062716196993203
2020-07-06,0.0
2020-07-07,0.6269778038212813
2020-07-08,0.4927427705170525
2020-07-09,0.8941143541751293
2020-07-10,0.5768793668688565
2020-07-13,0.3403262752038021
2020-07-14,0.2953994617114232
2020-07-15,0.5678544820114639
2020-07-16,0.4823320472535617
2020-07-17,0.7931229607338184
2020-07-20,0.43320352259037676
2020-07-21,0.6252608486153896
2020-07-22,0.34467795678374186
2020-07-23,0.47366211693256766
2020-07-24,0.23909026833870045
2020-07-27,0.3513692431561717
2020-07-28,0.4932613537349681
2020-07-29,0.4308405930100644
2020-07-30,0.6240942424744381
2020-07-31,0.4717952800692756
2020-08-03,0.31115700730727086
2020-08-04,0.39634903029352797
2020-08-05,0.07573569518826835
2020-08-06,0.5976325377041967
2020-08-07,0.0
2020-08-10,0.26354227356405485
2020-08-11,0.33595501185420246
2020-08-12,0.0
2020-08-13,0.3879256146864849
2020-08-14,0.20301349259676202
2020-08-17,0.20593403758703288
2020-08-18,0.7802952045194378
2020-08-19,0.7700419543271542
2020-08-20,0.27626135862988277
2020-08-21,0.5741563964622648
2020-08-24,0.31924951123574014
2020-08-25,0.5757506159234395
2020-08-26,0.4369979497575945
2020-08-27,0.0
2020-08-28,0.3293290340514043
2020-08-31,0.46502932133767166
2020-09-01,0.5925197441976098
2020-09-02,0.5126853382286185
2020-09-03,0.24227278636749427
2020-09-04,0.03585301442336492
2020-09-07,0.18823691353498015
2020-09-08,0.29243742130649775
2020-09-09,0.0
2020-09-10,0.0
2020-09-11,0.3214461561604139
2020-09-14,0.3514242149015021
2020-09-15,0.6458496941058092
2020-09-16,0.11727785908286259
2020-09-17,0.4786154094224392
2020-09-18,0.1255924685325931
2020-09-21,0.22674683826283504
2020-09-22,0.5010439212966602
2020-09-23,0.3044508117106753
2020-09-24,0.5580583328837495
2020-09-25,0.3152457477275814
2020-09-28,0.1914580215341005
2020-09-29,0.09446430363857149
2020-09-30,0.5348390193952504
2020-10-01,0.0
2020-10-02,0.8193468468483572
2020-10-05,0.3173552101054387
2020-10-06,0.41344330736634216
2020-10-07,0.5205823978018642
2020-10-08,0.48573345340761753
2020-10-09,0.580192987598384
2020-10-12,0.46007700809400287
2020-10-13,0.6434171401196042
2020-10-14,0.9620048203709789
2020-10-15,0.021911067142149028
2020-10-16,0.0
2020-10-19,0.5458258980217704
2020-10-20,0.33069770475388216
2020-10-21,0.0
2020-10-22,0.994751134605744
2020-10-23,0.6204415428927493
2020-10-26,0.2214774509012706
2020-10-27,0.47992185259300696
2020-10-28,0.6000153355881734
2020-10-29,0.40466461002879106
2020-10-30,0.3356707183401079
2020-11-02,0.17217174372624514
2020-11-03,0.5463522096307357
2020-11-04,0.36518970073893714
2020-11-05,0.5582350290198752
2020-11-06,0.5488830972859031
2020-11-09,0.43007117567024705
2020-11-10,0.6336015836619654
2020-11-11,0.0
2020-11-12,0.7559146957802194
2020-11-13,0.0
2020-11-16,0.530752116323692
2020-11-17,0.7984939138731132
2020-11-18,0.3278387349500113
2020-11-19,0.6191044828063981
2020-11-20,0.0
2020-11-23,0.08267496763027475
2020-11-24,0.0
2020-11-25,0.37515786336350454
2020-11-26,0.0
2020-11-27,0.578789322245619
2020-11-30,0.21198693274482014
2020-12-01,0.5582467653022235
2020-12-02,0.5741972007964059
2020-12-03,0.6474467155255961
2020-12-04,0.0
2020-12-07,0.203066036464997
2020-12-08,0.2822506152989124
2020-12-09,0.8534028272087506
2020-12-10,0.6573697235644362
2020-12-11,0.5312645088455724
2020-12-14,0.3556270781434163
2020-12-15,0.8772980815624787
2020-12-16,0.5523726529815398
2020-12-17,0.0
2020-12-18,0.3458367481793096
2020-12-21,0.4811347002454551
2020-12-22,0.3681607410412724
2020-12-23,0.3030269583265727
2020-12-24,0.0
2020-12-25,0.0
2020-12-28,0.41822247819947705
2020-12-29,0.044985358728916736
2020-12-30,0.8824546561383532
2020-12-31,0.6338985448437972
2021-01-01,0.0
2021-01-04,0.41227009725892744
2021-01-05,0.7297374723901178
2021-01-06,0.4748164979802793
2021-01-07,0.6178916081679481
2021-01-08,0.2417973103612713
2021-01-11,0.22104232645542687
2021-01-12,0.6341881661992956
2021-01-13,0.7855976749668913
2021-01-14,0.3195402220073978
2021-01-15,0.2312176540815806
2021-01-18,0.3316824577400172
2021-01-19,0.633675949899363
2021-01-20,0.0
2021-01-21,0.9556441296071551
2021-01-22,0.5608396962208082
2021-01-25,0.5841515172744082
2021-01-26,0.4902280789003159
2021-01-27,0.5372155683568938
2021-01-28,0.5454644965939154
2021-01-29,0.0
2021-02-01,0.4914039492486421
2021-02-02,0.7147420717688356
2021-02-03,0.9592319821041071
2021-02-04,0.7591389715113899
2021-02-05,0.5488830972859031
2021-02-08,0.3600502915529744
2021-02-09,0.35897599580480916
2021-02-10,0.9318849772855626
2021-02-11,0.0
2021-02-12,0.5327822121859945
2021-02-15,0.20473093642756515
2021-02-16,0.5091009951585443
2021-02-17,0.5308673972627909
2021-02-18,0.603385610575512
2021-02-19,0.9266632369422542
2021-02-22,0.26506135658034496
2021-02-23,0.10474038173915588
2021-02-24,0.6015526617315659
2021-02-25,0.0
2021-02-26,0.7850879492425922
2021-03-01,0.7165772088458123
2021-03-02,0.5061963307786584
2021-03-03,0.0
2021-03-04,0.289180614015141
2021-03-05,0.6478637334147489
2021-03-08,0.18672191447875164
2021-03-09,0.42806032739608163
2021-03-10,0.5008240112828665
2021-03-11,0.5854670919613678
2021-03-12,0.5468424951728899
2021-03-15,0.20233143426951736
2021-03-16,0.5276221533951683
2021-03-17,0.5240688817747666
2021-03-18,0.5652825746537232
2021-03-19,0.0
2021-03-22,0.23567687258869485
2021-03-23,0.022404596662378654
2021-03-24,0.978199767570919
2021-03-25,0.9734956347126034
2021-03-26,0.5309566245706216
2021-03-29,0.0
2021-03-30,0.3943426630905071
2021-03-31,0.7907744716520488
2021-04-01,0.5202729436922144
2021-04-02,0.0
2021-04-05,0.1453939645072495
2021-04-06,0.9025197953945577
2021-04-07,0.4465290008887038
2021-04-08,0.2651907451874351
2021-04-09,0.5657299836628465
2021-04-12,0.5428198322458537
2021-04-13,0.6384803812656173
2021-04-14,0.6416583549807368
2021-04-15,0.0
2021-04-16,0.60357337018776
2021-04-19,0.659075347570053
2021-04-20,0.6374640177810463
2021-04-21,0.3761455961255605
2021-04-22,0.5808989919331589
2021-04-23,0.11249972780927397
2021-04-26,0.17411678810796904
2021-04-27,0.4426934258661346
2021-04-28,0.594851537359592
2021-04-29,0.5914795815335936
2021-04-30,0.3801701360246978
2021-05-03,0.4159533443860333
2021-05-04,0.029353684311197194
2021-05-05,0.9734515879085692
2021-05-06,0.0
2021-05-07,0.5403311567301842
2021-05-10,0.43978463913582805
2021-05-11,0.22974763122711298
2021-05-12,0.0
2021-05-13,0.05073160599432018
2021-05-14,0.5488830972859031
2021-05-17,0.5837112187633456
2021-05-18,0.6203709830459396
2021-05-19,0.35953799181481766
2021-05-20,0.5690518266971442
2021-05-21,0.4500906882657163
2021-05-24,0.1587977703666016
2021-05-25,0.2638790205891197
2021-05-26,0.4527966879303218
2021-05-27,0.9559419949660695
2021-05-28,0.39057260534646154
2021-05-31,0.0
2021-06-01,0.5363640679060272
2021-06-02,0.09873132561803499
2021-06-03,0.0
2021-06-04,0.5609826324110341
2021-06-07,0.2274983274403893
2021-06-08,0.6763688780025708
2021-06-09,0.5221056957052939
2021-06-10,0.26153141912929895
2021-06-11,0.49492855349246795
2021-06-14,0.19491476158903043
2021-06-15,0.4644657079285559
2021-06-16,0.1117872202621689
2021-06-17,0.6327604642739612
2021-06-18,0.5207965554340135
2021-06-21,0.1827569770635674
2021-06-22,0.0
2021-06-23,0.3115231151159196
2021-06-24,0.4891429910006393
2021-06-25,0.0
2021-06-28,0.1668723801691986
2021-06-29,0.9734221326375095
2021-06-30,0.04765565137032588
2021-07-01,0.5820806621447183
2021-07-02,0.40678374136212125
2021-07-05,0.0
2021-07-06,0.5380001997707239
2021-07-07,0.3768567846669903
2021-07-08,0.0
2021-07-09,0.3838939798061287
2021-07-12,0.2662140830648965
2021-07-13,0.5582629794998667
2021-07-14,0.8750415100021773
2021-07-15,0.0
2021-07-16,0.15774485097537602
2021-07-19,0.004975124971701694
2021-07-20,0.6121935036245791
2021-07-21,0.5525241622204574
2021-07-22,0.5422054800447694
2021-07-23,0.5947079149202666
2021-07-26,0.27519240354702995
2021-07-27,0.6289528156806705
2021-07-28,0.34428858537995133
2021-07-29,0.7434272160658542
2021-07-30,0.39859409539928425
2021-08-02,0.0
2021-08-03,0.6797976907930553
2021-08-04,0.32507809746384136
2021-08-05,0.26769067914448086
2021-08-06,0.011107409298290601
2021-08-09,0.45730234829307975
2021-08-10,0.7651811124532455
2021-08-11,0.6590480664876213
2021-08-12,0.0
2021-08-13,0.685882978659746
2021-08-16,0.18119953321546534
2021-08-17,0.7199213183522938
2021-08-18,0.4859768634123593
2021-08-19,0.5029386804465243
2021-08-20,0.26614826931957847
2021-08-23,0.36830709920995636
2021-08-24,0.537977543371519
2021-08-25,0.5795581409172675
2021-08-26,0.6950158928141079
2021-08-27,0.4730752837318522
2021-08-30,0.5723755202314079
2021-08-31,0.17449816274824223
2021-09-01,0.46754047985865776
2021-09-02,0.5334375985403051
2021-09-03,0.3280905867131243
2021-09-06,0.2629242372949755
2021-09-07,0.4920138524645066
2021-09-08,0.5587295911393462
2021-09-09,0.5203071169933958
2021-09-10,0.44975268731071766
2021-09-13,0.44589426877713506
2021-09-14,0.5257274526023695
2021-09-15,0.5424737347811296
2021-09-16,0.6488022163879382
2021-09-17,0.5040052767845685
2021-09-20,0.40187444285793816
2021-09-21,0.4292057138014833
2021-09-22,0.6305520878559263
2021-09-23,0.6975680265837763
2021-09-24,0.8396773315834211
2021-09-27,0.25378906670810236
2021-09-28,0.5327241287728934
2021-09-29,0.6926149368772967
2021-09-30,0.0
2021-10-01,0.9045225479466525
2021-10-04,0.15183681522357476
2021-10-05,0.6950383480226658
2021-10-06,0.16181369874228815
2021-10-07,0.0
2021-10-08,0.8563775261085262
2021-10-11,0.25475663204773963
2021-10-12,0.18483559680828862
2021-10-13,0.5367436906243064
2021-10-14,0.88737902948546
2021-10-15,0.18964750324036742
2021-10-18,0.3968914629880418
2021-10-19,0.5461551269411492
2021-10-20,0.8579319066553053
2021-10-21,0.6748803052294056
2021-10-22,0.5236920156824528
2021-10-25,0.09011818659602545
2021-10-26,0.9759119196050731
2021-10-27,0.6720413470213378
2021-10-28,0.46953933194271674
2021-10-29,0.32989988806502174
2021-11-01,0.4031897890523737
2021-11-02,0.3913337229385272
2021-11-03,0.0
2021-11-04,0.2540410457862113
2021-11-05,0.9518502036141459
2021-11-08,0.2151797260204882
2021-11-09,0.4235535182139613
2021-11-10,0.1987549677512418
2021-11-11,0.8551879370768336
2021-11-12,0.0
2021-11-15,0.3532415930011421
2021-11-16,0.704677805728213
2021-11-17,0.5254727787947941
2021-11-18,0.6172613313838111
2021-11-19,0.6089547712390078
2021-11-22,0.7661417259529842
2021-11-23,0.36233921056363355
2021-11-24,0.18058718214562836
2021-11-25,0.9936475034652174
2021-11-26,0.7399946806455651
2021-11-29,0.10491363198385228
2021-11-30,0.7209658309000042
2021-12-01,0.9883541938390967
2021-12-02,0.39831179828702146
2021-12-03,0.2996706601876671
2021-12-06,0.21157477793718327
2021-12-07,0.832601436001782
2021-12-08,0.34943330721216337
2021-12-09,0.5804490315085021
2021-12-10,0.4969460575320392
2021-12-13,0.5973998348551589
2021-12-14,0.5119577905972515
2021-12-15,0.3202481542437592
2021-12-16,0.8051486269817154
2021-12-17,0.5180227346212454
2021-12-20,0.36625994412331453
2021-12-21,0.7532560692078625
2021-12-22,0.6417208372995594
2021-12-23,0.01174269632504931
2021-12-24,0.5322226509575924
2021-12-27,0.3004415794027335
2021-12-28,0.7443546044403153
2021-12-29,0.31348144982498105
2021-12-30,0.9444000902385676
2021-12-31,0.9703839468910398
2022-01-03,0.48053770435621307
2022-01-04,0.5283497449970234
2022-01-05,0.9904495947272383
2022-01-06,0.5769921635004321
2022-01-07,0.31753189066282594
2022-01-10,0.42556139554335415
2022-01-11,0.5132893173785142
2022-01-12,0.9928616483052958
2022-01-13,0.5256473311238835
2022-01-14,0.712446454381826
2022-01-17,0.41604194886812706
2022-01-18,0.3359011796545532
2022-01-19,0.8057172233379685
2022-01-20,0.45501227364281943
2022-01-21,0.4550447404531653
2022-01-24,0.42936297749688546
2022-01-25,0.9703321282231094
2022-01-26,0.3715133627460845
2022-01-27,0.39429443014031457
2022-01-28,0.8363635397692305
2022-01-31,0.5877627740276036
2022-02-01,0.9975248414417759
2022-02-02,0.0
2022-02-03,0.5238969930351022
2022-02-04,0.4942976863988049
2022-02-07,0.5435890144301195
2022-02-08,0.7273085585588118
2022-02-09,0.8164019242183719
2022-02-10,0.0
2022-02-11,0.0
2022-02-14,0.0
2022-02-15,0.9560872239246667
2022-02-16,0.4905384740372598
2022-02-17,0.9988260629452301
2022-02-18,0.535212697721971
2022-02-21,0.4603309508167472
2022-02-22,0.31144870125308893
2022-02-23,0.5090132755055845
2022-02-24,0.775538575043454
2022-02-25,0.5672755560675695
2022-02-28,0.63765563821793
2022-03-01,0.00901811837920112
2022-03-02,0.4934821207973272
2022-03-03,0.7163901110291877
2022-03-04,0.6844779257688046
2022-03-07,0.6475791020591015
2022-03-08,0.5328549060148612
2022-03-09,0.9894888145428431
2022-03-10,0.0
2022-03-11,0.42648729117476997
2022-03-14,0.29010418385160847
2022-03-15,0.8203469292609128
2022-03-16,0.32500316979032673
2022-03-17,0.7257339068258003
2022-03-18,0.6457508254331501
2022-03-21,0.3379076659263456
2022-03-22,0.6149147045584681
2022-03-23,0.9675418966433658
2022-03-24,0.7839701099786719
2022-03-25,0.4226456551894839
2022-03-28,0.5903614755960177
2022-03-29,0.07762095930185853
2022-03-30,0.6880160852112773
2022-03-31,0.5490278249351657
2022-04-01,0.44817021285188774
2022-04-04,0.6165585382219674
2022-04-05,0.7453905279072692
2022-04-06,0.5424387246044108
2022-04-07,0.6991010455206743
2022-04-08,0.533432645512715
2022-04-11,0.4254549941626662
2022-04-12,0.3405991407731033
2022-04-13,0.3944720363978287
2022-04-14,0.5391772559382798
2022-04-15,0.5424125092925131
2022-04-18,0.2711721975535725
2022-04-19,0.5973871062382589
2022-04-20,0.4464663454340403
2022-04-21,0.6289354452416063
2022-04-22,0.49155124191933436
2022-04-25,0.5728573275621244
2022-04-26,0.0
2022-04-27,0.7327411977315469
2022-04-28,0.8257116286961518
2022-04-29,0.26419323750359813
2022-05-02,0.73230423622028
2022-05-03,0.5242538121547125
2022-05-04,0.04261359827222577
2022-05-05,0.3110232008061825
2022-05-06,0.0
2022-05-09,0.35483242330643866
2022-05-10,0.55312661463654
2022-05-11,0.4335595443915432
2022-05-12,0.24883491509046624
2022-05-13,0.5614391569524325
2022-05-16,0.151599607056238
2022-05-17,0.35860235600212065
2022-05-18,0.32073514725831626
2022-05-19,0.3132177277169337
2022-05-20,0.5509379200563512
2022-05-23,0.5055091220974942
2022-05-24,0.6288020760750263
2022-05-25,0.2768232247269859
2022-05-26,0.35380036626095884
2022-05-27,0.9334689267924496
2022-05-30,0.37702956463777954
2022-05-31,0.6853449092034595
2022-06-01,0.36063025316129466
2022-06-02,0.3268714128025903
2022-06-03,0.516395166067439
2022-06-06,0.47248270724914954
2022-06-07,0.6363945088528041
2022-06-08,0.2759757062592289
2022-06-09,0.48785077515009767
2022-06-10,0.12086989934873223
2022-06-13,0.42884174337687425
2022-06-14,0.5611042061056489
2022-06-15,0.6279538992046201
2022-06-16,0.20609076062959325
2022-06-17,0.6508185076309957
2022-06-20,0.49029448725013774
2022-06-21,0.76400557999442
2022-06-22,0.41715490142960693
2022-06-23,0.20290293412515362
2022-06-24,0.5203717974992523
2022-06-27,0.0746337546358266
2022-06-28,0.30933762286225724
2022-06-29,0.2857600369069163
2022-06-30,0.6820517377468537
2022-07-01,0.5463185687266237
2022-07-04,0.2416981246913594
2022-07-05,0.15911242913054557
2022-07-06,0.44605270907093236
2022-07-07,0.7109059348132338
2022-07-08,0.5433001107107667
2022-07-11,0.282720792208698
2022-07-12,0.5851804438434277
2022-07-13,0.35487788246652996
2022-07-14,0.632235090495757
2022-07-15,0.9928998182198268
2022-07-18,0.1997217860472126
2022-07-19,0.4618604234713252
2022-07-20,0.41531087648178094
2022-07-21,0.9683540549559068
2022-07-22,0.2619990190466394
2022-07-25,0.5578030088752469
2022-07-26,0.0
2022-07-27,0.4718353789140956
2022-07-28,0.6463063492292052
2022-07-29,0.30799289926575435
2022-08-01,0.5898883320582318
2022-08-02,0.5028714435873634
2022-08-03,0.2745959611502301
2022-08-04,0.5631707145624163
2022-08-05,0.5540610855484086
2022-08-08,0.5380652043317776
2022-08-09,0.6847279607537259
2022-08-10,0.7897603894649459
2022-08-11,0.49422061186701793
2022-08-12,0.3318702270508364
2022-08-15,0.42073447204713516
2022-08-16,0.3916240921772179
2022-08-17,0.678889949361199
2022-08-18,0.6411624835933919
2022-08-19,0.2481829162051359
2022-08-22,0.33196716841907925
2022-08-23,0.7325752516485953
2022-08-24,0.8221686530527208
2022-08-25,0.0
2022-08-26,0.4631558956443708
2022-08-29,0.45762511824304836
2022-08-30,0.10903193335346896
2022-08-31,0.4959522007913997
2022-09-01,0.2623267477488981
2022-09-02,0.5710168403871574
2022-09-05,0.0
2022-09-06,0.6085723063503146
2022-09-07,0.3578575900658738
2022-09-08,0.7510606522603273
2022-09-09,0.5399534383283101
2022-09-12,0.5156958765961498
2022-09-13,0.4727729114185953
2022-09-14,0.7764621651000256
2022-09-15,0.5409157932590223
2022-09-16,0.0
2022-09-19,0.1714774899681322
2022-09-20,0.7081656695720965
2022-09-21,0.5181647377958506
2022-09-22,0.06977134676887005
2022-09-23,0.42808053614095176
2022-09-26,0.267004179837878
2022-09-27,0.11678520348889164
2022-09-28,0.4129307716490908
2022-09-29,0.2929396071166204
2022-09-30,0.661398737638925
2022-10-03,0.05046857013973118
2022-10-04,0.8510959648738015
2022-10-05,0.7819634860708189
2022-10-06,0.44178892394447267
2022-10-07,0.35751177470098217
2022-10-10,0.5236599304622797
2022-10-11,0.05075780359161422
2022-10-12,0.34643274706154087
2022-10-13,0.41942696170827665
2022-10-14,0.2873813159525933
2022-10-17,0.745619381793714
2022-10-18,0.5833303145469261
2022-10-19,0.6579376685254212
2022-10-20,0.5878436857500251
2022-10-21,0.5041786888790202
2022-10-24,0.6893158464816702
2022-10-25,0.6316290001085882
2022-10-26,0.0
2022-10-27,0.7501763609639686
2022-10-28,0.7618305341392975
2022-10-31,0.17812053195861335
2022-11-01,0.38989915183127377
2022-11-02,0.6741802342581509
2022-11-03,0.38559592176860874
2022-11-04,0.6123875004075435
2022-11-07,0.299431823070116
2022-11-08,0.46768483837812314
2022-11-09,0.5079279343315366
2022-11-10,0.529875889415827
2022-11-11,0.693781959116736
2022-11-14,0.31722497375169373
2022-11-15,0.6829319329578301
2022-11-16,0.41582382562318454
2022-11-17,0.5360902509584774
2022-11-18,0.14170971664327706
2022-11-21,0.49056646131515586
2022-11-22,0.04845673950274344
2022-11-23,0.04248577507990162
2022-11-24,0.26278228208579796
2022-11-25,0.4343035698625881
2022-11-28,0.09101015713848559
2022-11-29,0.5020808097997755
2022-11-30,0.5873370802238804
2022-12-01,0.3556264728392455
2022-12-02,0.03181601141134291
2022-12-05,0.5596951972891525
2022-12-06,0.7404020917709044
2022-12-07,0.5239302583233615
2022-12-08,0.7571326819318095
2022-12-09,0.49571846553636534
2022-12-12,0.5573809800329705
2022-12-13,0.5781990633395788
2022-12-14,0.34205264561401383
2022-12-15,0.6243332827374614
2022-12-16,0.5320190010494648
2022-12-19,0.4745672297160087
2022-12-20,0.6730787529940048
2022-12-21,0.37856683196206226
2022-12-22,0.5112381349342703
2022-12-23,0.6965598612102902
2022-12-26,0.0
2022-12-27,0.31293795897639903
2022-12-28,0.17563767154056184
2022-12-29,0.9305470968570134
2022-12-30,0.22597871711242296
